INSERT INTO `school_service`.`semester` (`id`, `name`, `state`) VALUES ('1', '2017第一学期', '1');
INSERT INTO `school_service`.`semester` (`id`, `name`, `state`) VALUES ('2', '2017第二学期', '0');
INSERT INTO `school_service`.`semester` (`id`, `name`, `state`) VALUES ('3', '2018第一学期', '0');
INSERT INTO `school_service`.`semester` (`id`, `name`, `state`) VALUES ('4', '2018第二学期', '0');
INSERT INTO `school_service`.`room` (`id`, `name`, `state`, `year`, `order`) VALUES ('1', '2011级1班', '1', '2011', '1');
INSERT INTO `school_service`.`room` (`id`, `name`, `state`, `year`, `order`) VALUES ('2', '2011级2班', '1', '2011', '1');
INSERT INTO `school_service`.`room` (`id`, `name`, `state`, `year`, `order`) VALUES ('3', '2012级1班', '1', '2012', '1');
INSERT INTO `school_service`.`room` (`id`, `name`, `state`, `year`, `order`) VALUES ('4', '2012级2班', '1', '2012', '1');
INSERT INTO `school_service`.`room` (`id`, `name`, `state`, `year`, `order`) VALUES ('5', '2013级1班', '1', '2013', '1');
INSERT INTO `school_service`.`room` (`id`, `name`, `state`, `year`, `order`) VALUES ('6', '2013级2班', '1', '2013', '1');
INSERT INTO `school_service`.`room` (`id`, `name`, `state`, `year`, `order`) VALUES ('7', '2014级1班', '1', '2014', '1');
INSERT INTO `school_service`.`room` (`id`, `name`, `state`, `year`, `order`) VALUES ('8', '2014级2班', '1', '2014', '1');
INSERT INTO `school_service`.`room` (`id`, `name`, `state`, `year`, `order`) VALUES ('9', '2015级1班', '1', '2015', '1');
INSERT INTO `school_service`.`room` (`id`, `name`, `state`, `year`, `order`) VALUES ('10', '2015级2班', '1', '2015', '1');
INSERT INTO `school_service`.`room` (`id`, `name`, `state`, `year`, `order`) VALUES ('11', '2016级1班', '1', '2016', '1');
INSERT INTO `school_service`.`room` (`id`, `name`, `state`, `year`, `order`) VALUES ('12', '2016级2班', '1', '2016', '1');
INSERT INTO `school_service`.`identity` (`id`, `name`) VALUES ('1', '爸爸');
INSERT INTO `school_service`.`identity` (`id`, `name`) VALUES ('2', '妈妈');
INSERT INTO `school_service`.`identity` (`id`, `name`) VALUES ('3', '爷爷');
INSERT INTO `school_service`.`identity` (`id`, `name`) VALUES ('4', '奶奶');
INSERT INTO `school_service`.`identity` (`id`, `name`) VALUES ('5', '外公');
INSERT INTO `school_service`.`identity` (`id`, `name`) VALUES ('6', '外婆');
INSERT INTO `school_service`.`course` (`id`, `name`, `detail`, `amount`, `type`, `state`) VALUES ('1', '班主任', 'a', '0', '1', '0');
INSERT INTO `school_service`.`course` (`id`, `name`, `detail`, `amount`, `type`, `state`) VALUES ('2', '语文', 'a', '0', '1', '1');
INSERT INTO `school_service`.`course` (`id`, `name`, `detail`, `amount`, `type`, `state`) VALUES ('3', '数学', 'a', '0', '1', '1');
INSERT INTO `school_service`.`course` (`id`, `name`, `detail`, `amount`, `type`, `state`) VALUES ('4', '英语', 'a', '0', '1', '1');
INSERT INTO `school_service`.`course` (`id`, `name`, `detail`, `amount`, `type`, `state`) VALUES ('5', '音乐', 'a', '0', '1', '1');
INSERT INTO `school_service`.`course` (`id`, `name`, `detail`, `amount`, `type`, `state`) VALUES ('6', '体育', 'a', '0', '1', '1');
INSERT INTO `school_service`.`course` (`id`, `name`, `detail`, `amount`, `type`, `state`) VALUES ('7', '美术', 'a', '0', '1', '1');
INSERT INTO `school_service`.`course` (`id`, `name`, `detail`, `amount`, `type`, `state`) VALUES ('8', '科学', 'a', '0', '1', '1');
INSERT INTO `school_service`.`course` (`id`, `name`, `detail`, `amount`, `type`, `state`) VALUES ('9', '计算机', 'a', '0', '1', '1');
INSERT INTO `school_service`.`course` (`id`, `name`, `detail`, `amount`, `type`, `state`) VALUES ('10', '品生', 'a', '0', '1', '1');
INSERT INTO `school_service`.`course` (`id`, `name`, `detail`, `amount`, `type`, `state`) VALUES ('11', '品社', 'a', '0', '1', '1');
INSERT INTO `school_service`.`course` (`id`, `name`, `detail`, `amount`, `type`, `state`) VALUES ('12', '传统文化', 'a', '0', '1', '1');
INSERT INTO `school_service`.`course` (`id`, `name`, `detail`, `amount`, `type`, `state`) VALUES ('13', '绘本阅读之旅', 'a', '50', '2', '1');
INSERT INTO `school_service`.`course` (`id`, `name`, `detail`, `amount`, `type`, `state`) VALUES ('14', '缤纷合唱团', 'a', '50', '2', '1');
INSERT INTO `school_service`.`course` (`id`, `name`, `detail`, `amount`, `type`, `state`) VALUES ('15', '国学社', 'a', '50', '2', '1');
INSERT INTO `school_service`.`course` (`id`, `name`, `detail`, `amount`, `type`, `state`) VALUES ('16', '国际跳棋', 'a', '50', '2', '1');
INSERT INTO `school_service`.`course` (`id`, `name`, `detail`, `amount`, `type`, `state`) VALUES ('17', '创意三角插', 'a', '50', '2', '1');
INSERT INTO `school_service`.`course` (`id`, `name`, `detail`, `amount`, `type`, `state`) VALUES ('18', '诵读经典', 'a', '50', '2', '1');
INSERT INTO `school_service`.`course` (`id`, `name`, `detail`, `amount`, `type`, `state`) VALUES ('19', '花样衍纸', 'a', '50', '2', '1');
INSERT INTO `school_service`.`course` (`id`, `name`, `detail`, `amount`, `type`, `state`) VALUES ('20', '国际跳棋', 'a', '50', '2', '1');
INSERT INTO `school_service`.`course` (`id`, `name`, `detail`, `amount`, `type`, `state`) VALUES ('21', 'IT精英', 'a', '50', '2', '1');
INSERT INTO `school_service`.`course` (`id`, `name`, `detail`, `amount`, `type`, `state`) VALUES ('22', '传统游戏', 'a', '50', '2', '1');
INSERT INTO `school_service`.`course` (`id`, `name`, `detail`, `amount`, `type`, `state`) VALUES ('23', '阳光少年礼仪形象训练营', 'a', '50', '2', '1');
INSERT INTO `school_service`.`course` (`id`, `name`, `detail`, `amount`, `type`, `state`) VALUES ('24', '玩转魔方', 'a', '50', '2', '1');
INSERT INTO `school_service`.`course` (`id`, `name`, `detail`, `amount`, `type`, `state`) VALUES ('25', '趣味田径', 'a', '50', '2', '1');
INSERT INTO `school_service`.`course` (`id`, `name`, `detail`, `amount`, `type`, `state`) VALUES ('26', '篮球', 'a', '50', '2', '1');
INSERT INTO `school_service`.`course` (`id`, `name`, `detail`, `amount`, `type`, `state`) VALUES ('27', '美八度', 'a', '50', '2', '1');
INSERT INTO `school_service`.`course` (`id`, `name`, `detail`, `amount`, `type`, `state`) VALUES ('28', '国际数棋', 'a', '50', '2', '1');
INSERT INTO `school_service`.`teacher` (`id`, `type`, `email`, `weixinId`, `qq`, `address`, `userId`, `name`, `mobile`, `state`, `isManager`, `picUrl`) VALUES ('1', '1', '', '', '', '', 'WangTianShuo', '王天硕', '18653145531', '1', '1', 'http://shp.qpic.cn/bizmp/ZVx4icpOeichXg9lLYicEWAxwZgLIMOcKaruicXHCsdZFKB6t38U8EW1XQ/');
INSERT INTO `school_service`.`teacher` (`id`, `type`, `email`, `weixinId`, `qq`, `address`, `userId`, `name`, `mobile`, `state`, `isManager`, `picUrl`) VALUES ('2', '1', '', '', '', '', 'XuHanQi', '徐汉琪', '13864100771', '1', '1', 'http://shp.qpic.cn/bizmp/ZVx4icpOeichXg9lLYicEWAxwZgLIMOcKar4pX7uQLQUQBo6E5fVJqLMQ/');
INSERT INTO `school_service`.`teacher` (`id`, `type`, `email`, `weixinId`, `qq`, `address`, `userId`, `name`, `mobile`, `state`, `isManager`, `picUrl`) VALUES ('3', '1', '', '', '', '', 'WangMingLiang', '王明亮', '13969190978', '1', '1','http://shp.qpic.cn/bizmp/ZVx4icpOeichXg9lLYicEWAxwZgLIMOcKarPx9G3VVkWgtbaOicREtnEkg/');
INSERT INTO `school_service`.`teacher` (`id`, `type`, `email`, `weixinId`, `qq`, `address`, `userId`, `name`, `mobile`, `state`, `isManager`, `picUrl`) VALUES ('4', '1', '', '', '', '', 'WangQun', '王群', '15949700280', '1', '1', 'http://shp.qpic.cn/bizmp/ZVx4icpOeichVPTvhDrfQHA4ZZNG4UC6UDe9ibekzyomiam7r9Bk9HEhbw/');
INSERT INTO `school_service`.`teacher` (`id`, `type`, `email`, `weixinId`, `qq`, `address`, `userId`, `name`, `mobile`, `state`, `isManager`, `picUrl`) VALUES ('5', '1', '', '', '', '', 'DuJunPeng', '杜君鹏', '15288868587', '1', '1', 'http://shp.qpic.cn/bizmp/ZVx4icpOeichVf2EDiaJNQjiaNY8QGx2D6wNRuqUgoZIricL3Riasn4ANFibg/');
INSERT INTO `school_service`.`teacher` (`id`, `type`, `email`, `weixinId`, `qq`, `address`, `userId`, `name`, `mobile`, `state`, `isManager`, `picUrl`) VALUES ('6', '1', '', '', '', '', 'LanLiJian', '兰立建', '13791111219', '1', '1', 'http://shp.qpic.cn/bizmp/ZVx4icpOeichVJ1qjjm4pjd9x0HsicunLvh55UnTOL5opR9xsyQCKBl2g/');
INSERT INTO `school_service`.`permission` (`id`, `url`, `name`) VALUES ('1', 'CourseDesktop/Page', '列表');
INSERT INTO `school_service`.`permission` (`id`, `url`, `name`) VALUES ('2', 'CourseDesktop/Save', '新增');
INSERT INTO `school_service`.`permission` (`id`, `url`, `name`) VALUES ('3', 'CourseDesktop/Active', '激活');
INSERT INTO `school_service`.`permission` (`id`, `url`, `name`) VALUES ('4', 'CourseDesktop/Inactive', '注销');
INSERT INTO `school_service`.`permission` (`id`, `url`, `name`) VALUES ('5', 'CourseDesktop/Edit', '修改');
INSERT INTO `school_service`.`permission` (`id`, `url`, `name`) VALUES ('6', 'CourseDesktop/Download', '下载');
INSERT INTO `school_service`.`permission` (`id`, `url`, `name`) VALUES ('7', 'CourseDesktop/Get', '读取');
INSERT INTO `school_service`.`permission` (`id`, `url`, `name`) VALUES ('8', 'CourseDesktop/Query', '查找');
INSERT INTO `school_service`.`permission` (`id`, `url`, `name`) VALUES ('9', 'CourseDesktop/Total', '计数');
INSERT INTO `school_service`.`permission` (`id`, `url`, `name`) VALUES ('10', 'CourseDesktop/Delete', '删除');
INSERT INTO `school_service`.`permission` (`id`, `url`, `name`) VALUES ('11', 'SemesterDesktop/Page', '列表');
INSERT INTO `school_service`.`permission` (`id`, `url`, `name`) VALUES ('12', 'SemesterDesktop/Save', '新增');
INSERT INTO `school_service`.`permission` (`id`, `url`, `name`) VALUES ('13', 'SemesterDesktop/Active', '激活');
INSERT INTO `school_service`.`permission` (`id`, `url`, `name`) VALUES ('14', 'SemesterDesktop/Inactive', '注销');
INSERT INTO `school_service`.`permission` (`id`, `url`, `name`) VALUES ('15', 'SemesterDesktop/Edit', '修改');
INSERT INTO `school_service`.`permission` (`id`, `url`, `name`) VALUES ('16', 'SemesterDesktop/Download', '下载');
INSERT INTO `school_service`.`permission` (`id`, `url`, `name`) VALUES ('17', 'SemesterDesktop/Get', '读取');
INSERT INTO `school_service`.`permission` (`id`, `url`, `name`) VALUES ('18', 'SemesterDesktop/Query', '查找');
INSERT INTO `school_service`.`permission` (`id`, `url`, `name`) VALUES ('19', 'SemesterDesktop/Total', '计数');
INSERT INTO `school_service`.`permission` (`id`, `url`, `name`) VALUES ('20', 'SemesterDesktop/Delete', '删除');
INSERT INTO `school_service`.`permission` (`id`, `url`, `name`) VALUES ('21', 'RoomDesktop/Page', '列表');
INSERT INTO `school_service`.`permission` (`id`, `url`, `name`) VALUES ('22', 'RoomDesktop/Save', '新增');
INSERT INTO `school_service`.`permission` (`id`, `url`, `name`) VALUES ('23', 'RoomDesktop/Active', '激活');
INSERT INTO `school_service`.`permission` (`id`, `url`, `name`) VALUES ('24', 'RoomDesktop/Inactive', '注销');
INSERT INTO `school_service`.`permission` (`id`, `url`, `name`) VALUES ('25', 'RoomDesktop/Edit', '修改');
INSERT INTO `school_service`.`permission` (`id`, `url`, `name`) VALUES ('26', 'RoomDesktop/Download', '下载');
INSERT INTO `school_service`.`permission` (`id`, `url`, `name`) VALUES ('27', 'RoomDesktop/Get', '读取');
INSERT INTO `school_service`.`permission` (`id`, `url`, `name`) VALUES ('28', 'RoomDesktop/Query', '查找');
INSERT INTO `school_service`.`permission` (`id`, `url`, `name`) VALUES ('29', 'RoomDesktop/Total', '计数');
INSERT INTO `school_service`.`permission` (`id`, `url`, `name`) VALUES ('30', 'RoomDesktop/Delete', '删除');

INSERT INTO `school_service`.`teacherpermission` (`teacher_id`, `permission_id`, `state`) VALUES ('1', '1', '1');
INSERT INTO `school_service`.`teacherpermission` (`teacher_id`, `permission_id`, `state`) VALUES ('1', '2', '1');
INSERT INTO `school_service`.`teacherpermission` (`teacher_id`, `permission_id`, `state`) VALUES ('1', '3', '1');
INSERT INTO `school_service`.`teacherpermission` (`teacher_id`, `permission_id`, `state`) VALUES ('1', '4', '1');
INSERT INTO `school_service`.`teacherpermission` (`teacher_id`, `permission_id`, `state`) VALUES ('1', '5', '1');
INSERT INTO `school_service`.`teacherpermission` (`teacher_id`, `permission_id`, `state`) VALUES ('1', '6', '1');
INSERT INTO `school_service`.`teacherpermission` (`teacher_id`, `permission_id`, `state`) VALUES ('1', '7', '1');
INSERT INTO `school_service`.`teacherpermission` (`teacher_id`, `permission_id`, `state`) VALUES ('1', '8', '1');
INSERT INTO `school_service`.`teacherpermission` (`teacher_id`, `permission_id`, `state`) VALUES ('1', '9', '1');
INSERT INTO `school_service`.`teacherpermission` (`teacher_id`, `permission_id`, `state`) VALUES ('1', '10', '1');
INSERT INTO `school_service`.`teacherpermission` (`teacher_id`, `permission_id`, `state`) VALUES ('1', '11', '1');
INSERT INTO `school_service`.`teacherpermission` (`teacher_id`, `permission_id`, `state`) VALUES ('1', '12', '1');
INSERT INTO `school_service`.`teacherpermission` (`teacher_id`, `permission_id`, `state`) VALUES ('1', '13', '1');
INSERT INTO `school_service`.`teacherpermission` (`teacher_id`, `permission_id`, `state`) VALUES ('1', '14', '1');
INSERT INTO `school_service`.`teacherpermission` (`teacher_id`, `permission_id`, `state`) VALUES ('1', '15', '1');
INSERT INTO `school_service`.`teacherpermission` (`teacher_id`, `permission_id`, `state`) VALUES ('1', '16', '1');
INSERT INTO `school_service`.`teacherpermission` (`teacher_id`, `permission_id`, `state`) VALUES ('1', '17', '1');
INSERT INTO `school_service`.`teacherpermission` (`teacher_id`, `permission_id`, `state`) VALUES ('1', '18', '1');
INSERT INTO `school_service`.`teacherpermission` (`teacher_id`, `permission_id`, `state`) VALUES ('1', '19', '1');
INSERT INTO `school_service`.`teacherpermission` (`teacher_id`, `permission_id`, `state`) VALUES ('1', '20', '1');
INSERT INTO `school_service`.`teacherpermission` (`teacher_id`, `permission_id`, `state`) VALUES ('1', '21', '1');
INSERT INTO `school_service`.`teacherpermission` (`teacher_id`, `permission_id`, `state`) VALUES ('1', '22', '1');
INSERT INTO `school_service`.`teacherpermission` (`teacher_id`, `permission_id`, `state`) VALUES ('1', '23', '1');
INSERT INTO `school_service`.`teacherpermission` (`teacher_id`, `permission_id`, `state`) VALUES ('1', '24', '1');
INSERT INTO `school_service`.`teacherpermission` (`teacher_id`, `permission_id`, `state`) VALUES ('1', '25', '1');
INSERT INTO `school_service`.`teacherpermission` (`teacher_id`, `permission_id`, `state`) VALUES ('1', '26', '1');
INSERT INTO `school_service`.`teacherpermission` (`teacher_id`, `permission_id`, `state`) VALUES ('1', '27', '1');
INSERT INTO `school_service`.`teacherpermission` (`teacher_id`, `permission_id`, `state`) VALUES ('1', '28', '1');
INSERT INTO `school_service`.`teacherpermission` (`teacher_id`, `permission_id`, `state`) VALUES ('1', '29', '1');
INSERT INTO `school_service`.`teacherpermission` (`teacher_id`, `permission_id`, `state`) VALUES ('1', '30', '1');
