INSERT INTO `school_service`.`course` (`id`, `name`) VALUES ('1', '班主任');
INSERT INTO `school_service`.`course` (`id`, `name`) VALUES ('2', '语文');
INSERT INTO `school_service`.`course` (`id`, `name`) VALUES ('3', '数学');
INSERT INTO `school_service`.`course` (`id`, `name`) VALUES ('4', '英语');
INSERT INTO `school_service`.`course` (`id`, `name`) VALUES ('5', '音乐');
INSERT INTO `school_service`.`course` (`id`, `name`) VALUES ('6', '体育');
INSERT INTO `school_service`.`course` (`id`, `name`) VALUES ('7', '美术');
INSERT INTO `school_service`.`course` (`id`, `name`) VALUES ('8', '科学');
INSERT INTO `school_service`.`course` (`id`, `name`) VALUES ('9', '计算机');
INSERT INTO `school_service`.`course` (`id`, `name`) VALUES ('10', '品生');
INSERT INTO `school_service`.`course` (`id`, `name`) VALUES ('11', '品社');
INSERT INTO `school_service`.`course` (`id`, `name`) VALUES ('12', '传统文化');
INSERT INTO `school_service`.`enterprise` (`id`, `userId`, `pass`, `openId`, `name`, `sex`, `mobile`, `email`, `weixinId`, `state`, `isTeacher`, `isParent`, `isManager`, `picUrl`) VALUES ('1', 'WangTianShuo', 'wts', NULL, '王天硕', '1', '18653145531', NULL, NULL, '1', '1', '0', '1', 'http://shp.qpic.cn/bizmp/ZVx4icpOeichXg9lLYicEWAxwZgLIMOcKaruicXHCsdZFKB6t38U8EW1XQ/');
INSERT INTO `school_service`.`enterprise` (`id`, `userId`, `pass`, `openId`, `name`, `sex`, `mobile`, `email`, `weixinId`, `state`, `isTeacher`, `isParent`, `isManager`, `picUrl`) VALUES ('2', 'XuHanQi', 'wts', NULL, '徐汉琪', '0', '13864100771', NULL, NULL, '1', '1', '0', '0', 'http://shp.qpic.cn/bizmp/ZVx4icpOeichXg9lLYicEWAxwZgLIMOcKar4pX7uQLQUQBo6E5fVJqLMQ/');
INSERT INTO `school_service`.`enterprise` (`id`, `userId`, `pass`, `openId`, `name`, `sex`, `mobile`, `email`, `weixinId`, `state`, `isTeacher`, `isParent`, `isManager`, `picUrl`) VALUES ('3', 'WangMingLiang', 'wts', NULL, '王明亮', '1', '13969190978', NULL, NULL, '1', '1', '0', '1', 'http://shp.qpic.cn/bizmp/ZVx4icpOeichXg9lLYicEWAxwZgLIMOcKarPx9G3VVkWgtbaOicREtnEkg/');
INSERT INTO `school_service`.`enterprise` (`id`, `userId`, `pass`, `openId`, `name`, `sex`, `mobile`, `email`, `weixinId`, `state`, `isTeacher`, `isParent`, `isManager`, `picUrl`) VALUES ('4', 'WangQun', 'wts', NULL, '王群', '2', '15949700280', NULL, NULL, '1', '1', '0', '0', 'http://shp.qpic.cn/bizmp/ZVx4icpOeichVPTvhDrfQHA4ZZNG4UC6UDe9ibekzyomiam7r9Bk9HEhbw/');
INSERT INTO `school_service`.`enterprise` (`id`, `userId`, `pass`, `openId`, `name`, `sex`, `mobile`, `email`, `weixinId`, `state`, `isTeacher`, `isParent`, `isManager`, `picUrl`) VALUES ('5', 'DuJunPeng', 'wts', NULL, '杜君鹏', '1', '15288868587', NULL, NULL, '1', '1', '0', '1', 'http://shp.qpic.cn/bizmp/ZVx4icpOeichVf2EDiaJNQjiaNY8QGx2D6wNRuqUgoZIricL3Riasn4ANFibg/');
INSERT INTO `school_service`.`identity` (`id`, `name`) VALUES ('1', '爸爸');
INSERT INTO `school_service`.`identity` (`id`, `name`) VALUES ('2', '妈妈');
INSERT INTO `school_service`.`identity` (`id`, `name`) VALUES ('3', '爷爷');
INSERT INTO `school_service`.`identity` (`id`, `name`) VALUES ('4', '奶奶');
INSERT INTO `school_service`.`identity` (`id`, `name`) VALUES ('5', '外公');
INSERT INTO `school_service`.`identity` (`id`, `name`) VALUES ('6', '外婆');
INSERT INTO `school_service`.`room` (`id`,`state`, `name`) VALUES ('1','1', '2014级1班');
INSERT INTO `school_service`.`room` (`id`,`state`, `name`) VALUES ('2','1', '2014级2班');
INSERT INTO `school_service`.`room` (`id`,`state`, `name`) VALUES ('3','1', '2015级1班');
INSERT INTO `school_service`.`room` (`id`,`state`, `name`) VALUES ('4','1', '2015级2班');
INSERT INTO `school_service`.`room` (`id`,`state`, `name`) VALUES ('5','1', '2016级1班');
INSERT INTO `school_service`.`room` (`id`,`state`, `name`) VALUES ('6','1', '2016级2班');
INSERT INTO `school_service`.`team` (`id`,`state`, `name`) VALUES ('1','1', '围棋');
INSERT INTO `school_service`.`team` (`id`,`state`, `name`) VALUES ('2','1', '游泳');
INSERT INTO `school_service`.`team` (`id`,`state`, `name`) VALUES ('3','1', '油画');
INSERT INTO `school_service`.`team` (`id`,`state`, `name`) VALUES ('4','1', '国学');
INSERT INTO `school_service`.`team` (`id`,`state`, `name`) VALUES ('5','1', '阅读');
INSERT INTO `school_service`.`team` (`id`,`state`, `name`) VALUES ('6','1', '越野');
INSERT INTO `school_service`.`student` (`id`, `name`, `number`, `code`, `sex`, `birth`, `room_id`, `team_id`, `state`) VALUES ('1', '王小硕', '000000000000000001', '1', '2', '1980-12-09 00:00:00', '1', '1', '1');
INSERT INTO `school_service`.`student` (`id`, `name`, `number`, `code`, `sex`, `birth`, `room_id`, `team_id`, `state`) VALUES ('2', '王中硕', '000000000000000002', '2', '1', '1969-10-24 00:00:00', '2', '1', '1');
INSERT INTO `school_service`.`student` (`id`, `name`, `number`, `code`, `sex`, `birth`, `room_id`, `team_id`, `state`) VALUES ('3', '王大硕', '000000000000000003', '3', '2', '1970-06-21 00:00:00', '3', '1', '1');
INSERT INTO `school_service`.`student` (`id`, `name`, `number`, `code`, `sex`, `birth`, `room_id`, `team_id`, `state`) VALUES ('4', '徐小琪', '000000000000000004', '4', '2', '1976-02-04 00:00:00', '1', '1', '1');
INSERT INTO `school_service`.`student` (`id`, `name`, `number`, `code`, `sex`, `birth`, `room_id`, `team_id`, `state`) VALUES ('5', '徐中琪', '000000000000000005', '5', '2', '1968-04-30 00:00:00', '2', '1', '1');
INSERT INTO `school_service`.`student` (`id`, `name`, `number`, `code`, `sex`, `birth`, `room_id`, `team_id`, `state`) VALUES ('6', '徐大琪', '000000000000000006', '6', '1', '1966-01-29 00:00:00', '3', '1', '1');
INSERT INTO `school_service`.`student` (`id`, `name`, `number`, `code`, `sex`, `birth`, `room_id`, `team_id`, `state`) VALUES ('7', '杜小鹏', '000000000000000007', '7', '1', '1963-05-02 00:00:00', '1', '1', '1');
INSERT INTO `school_service`.`student` (`id`, `name`, `number`, `code`, `sex`, `birth`, `room_id`, `team_id`, `state`) VALUES ('8', '杜中鹏', '000000000000000008', '8', '2', '1985-11-25 00:00:00', '2', '1', '1');
INSERT INTO `school_service`.`student` (`id`, `name`, `number`, `code`, `sex`, `birth`, `room_id`, `team_id`, `state`) VALUES ('9', '杜大鹏', '000000000000000009', '9', '2', '1972-03-23 00:00:00', '3', '1', '1');
INSERT INTO `school_service`.`student` (`id`, `name`, `number`, `code`, `sex`, `birth`, `room_id`, `team_id`, `state`) VALUES ('10', '兰小雪', '000000000000000010', '10', '2', '1977-02-12 00:00:00', '1', '1', '1');
INSERT INTO `school_service`.`student` (`id`, `name`, `number`, `code`, `sex`, `birth`, `room_id`, `team_id`, `state`) VALUES ('11', '兰中雪', '000000000000000011', '11', '1', '1976-10-05 00:00:00', '2', '1', '1');
INSERT INTO `school_service`.`student` (`id`, `name`, `number`, `code`, `sex`, `birth`, `room_id`, `team_id`, `state`) VALUES ('12', '兰大雪', '000000000000000012', '12', '2', '1978-02-03 00:00:00', '3', '1', '1');
INSERT INTO `school_service`.`student` (`id`, `name`, `number`, `code`, `sex`, `birth`, `room_id`, `team_id`, `state`) VALUES ('13', '李小寒', '000000000000000013', '13', '2', '1977-02-12 00:00:00', '1', '1', '1');
INSERT INTO `school_service`.`student` (`id`, `name`, `number`, `code`, `sex`, `birth`, `room_id`, `team_id`, `state`) VALUES ('14', '李中寒', '000000000000000014', '14', '1', '1976-10-05 00:00:00', '2', '1', '1');
INSERT INTO `school_service`.`student` (`id`, `name`, `number`, `code`, `sex`, `birth`, `room_id`, `team_id`, `state`) VALUES ('15', '李大寒', '000000000000000015', '15', '2', '1978-02-03 00:00:00', '3', '1', '1');
INSERT INTO `school_service`.`student` (`id`, `name`, `number`, `code`, `sex`, `birth`, `room_id`, `team_id`, `state`) VALUES ('16', '赵小宇', '000000000000000016', '16', '2', '1977-02-12 00:00:00', '1', '1', '1');
INSERT INTO `school_service`.`student` (`id`, `name`, `number`, `code`, `sex`, `birth`, `room_id`, `team_id`, `state`) VALUES ('17', '赵中宇', '000000000000000017', '17', '1', '1976-10-05 00:00:00', '2', '1', '1');
INSERT INTO `school_service`.`student` (`id`, `name`, `number`, `code`, `sex`, `birth`, `room_id`, `team_id`, `state`) VALUES ('18', '赵大宇', '000000000000000018', '18', '2', '1978-02-03 00:00:00', '3', '1', '1');
INSERT INTO `school_service`.`student` (`id`, `name`, `number`, `code`, `sex`, `birth`, `room_id`, `team_id`, `state`) VALUES ('19', '孙小空', '000000000000000019', '19', '2', '1977-02-12 00:00:00', '1', '1', '1');
INSERT INTO `school_service`.`student` (`id`, `name`, `number`, `code`, `sex`, `birth`, `room_id`, `team_id`, `state`) VALUES ('20', '孙中空', '000000000000000020', '20', '1', '1976-10-05 00:00:00', '2', '1', '1');
INSERT INTO `school_service`.`student` (`id`, `name`, `number`, `code`, `sex`, `birth`, `room_id`, `team_id`, `state`) VALUES ('21', '孙大空', '000000000000000021', '21', '2', '1978-02-03 00:00:00', '3', '1', '1');
INSERT INTO `school_service`.`student` (`id`, `name`, `number`, `code`, `sex`, `birth`, `room_id`, `team_id`, `state`) VALUES ('22', '杨小智', '000000000000000022', '22', '2', '1977-02-12 00:00:00', '1', '1', '1');
INSERT INTO `school_service`.`student` (`id`, `name`, `number`, `code`, `sex`, `birth`, `room_id`, `team_id`, `state`) VALUES ('23', '杨中智', '000000000000000023', '23', '1', '1976-10-05 00:00:00', '2', '1', '1');
INSERT INTO `school_service`.`student` (`id`, `name`, `number`, `code`, `sex`, `birth`, `room_id`, `team_id`, `state`) VALUES ('24', '杨大智', '000000000000000025', '24', '2', '1978-02-03 00:00:00', '3', '1', '1');
