INSERT INTO `school_service`.`course` (`id`, `name`) VALUES ('1', '班主任');
INSERT INTO `school_service`.`course` (`id`, `name`) VALUES ('2', '语文');
INSERT INTO `school_service`.`course` (`id`, `name`) VALUES ('3', '数学');
INSERT INTO `school_service`.`course` (`id`, `name`) VALUES ('4', '英语');
INSERT INTO `school_service`.`course` (`id`, `name`) VALUES ('5', '音乐');
INSERT INTO `school_service`.`course` (`id`, `name`) VALUES ('6', '体育');
INSERT INTO `school_service`.`course` (`id`, `name`) VALUES ('7', '美术');
INSERT INTO `school_service`.`course` (`id`, `name`) VALUES ('8', '科学');
INSERT INTO `school_service`.`course` (`id`, `name`) VALUES ('9', '计算机');
INSERT INTO `school_service`.`course` (`id`, `name`) VALUES ('10', '品生');
INSERT INTO `school_service`.`course` (`id`, `name`) VALUES ('11', '品社');
INSERT INTO `school_service`.`course` (`id`, `name`) VALUES ('12', '传统文化');
INSERT INTO `school_service`.`enterprise` (`id`, `userId`, `pass`, `openId`, `name`, `sex`, `mobile`, `email`, `weixinId`, `picUrl`, `state`, `isTeacher`, `isParent`, `isManager`) VALUES ('1', 'WangTianShuo', 'wts', NULL, '王天硕', '1', '18653145531', NULL, NULL, 'http://shp.qpic.cn/bizmp/ZVx4icpOeichXg9lLYicEWAxwZgLIMOcKaruicXHCsdZFKB6t38U8EW1XQ/', '1', '1', '0', '1');
INSERT INTO `school_service`.`enterprise` (`id`, `userId`, `pass`, `openId`, `name`, `sex`, `mobile`, `email`, `weixinId`, `picUrl`, `state`, `isTeacher`, `isParent`, `isManager`) VALUES ('2', 'XuHanQi', 'wts', NULL, '徐汉琪', '0',  '13864100771', NULL, NULL, 'http://shp.qpic.cn/bizmp/ZVx4icpOeichXg9lLYicEWAxwZgLIMOcKar4pX7uQLQUQBo6E5fVJqLMQ/', '1', '1', '0', '0');
INSERT INTO `school_service`.`enterprise` (`id`, `userId`, `pass`, `openId`, `name`, `sex`, `mobile`, `email`, `weixinId`, `picUrl`, `state`, `isTeacher`, `isParent`, `isManager`) VALUES ('3', 'WangMingLiang', 'wts', NULL, '王明亮','1', '13969190978', NULL, NULL, 'http://shp.qpic.cn/bizmp/ZVx4icpOeichXg9lLYicEWAxwZgLIMOcKarPx9G3VVkWgtbaOicREtnEkg/', '1', '1', '0', '1');
INSERT INTO `school_service`.`enterprise` (`id`, `userId`, `pass`, `openId`, `name`, `sex`, `mobile`, `email`, `weixinId`, `picUrl`, `state`, `isTeacher`, `isParent`, `isManager`) VALUES ('4', 'WangQun', 'wts', NULL, '王群','2', '15949700280', NULL, NULL, 'http://shp.qpic.cn/bizmp/ZVx4icpOeichVPTvhDrfQHA4ZZNG4UC6UDe9ibekzyomiam7r9Bk9HEhbw/', '1', '1', '0', '0');
INSERT INTO `school_service`.`identity` (`id`, `name`) VALUES ('1', '爸爸');
INSERT INTO `school_service`.`identity` (`id`, `name`) VALUES ('2', '妈妈');
INSERT INTO `school_service`.`identity` (`id`, `name`) VALUES ('3', '爷爷');
INSERT INTO `school_service`.`identity` (`id`, `name`) VALUES ('4', '奶奶');
INSERT INTO `school_service`.`identity` (`id`, `name`) VALUES ('5', '外公');
INSERT INTO `school_service`.`identity` (`id`, `name`) VALUES ('6', '外婆');
INSERT INTO `school_service`.`room` (`id`,`state`, `name`) VALUES ('1','1', '2014级1班');
INSERT INTO `school_service`.`room` (`id`,`state`, `name`) VALUES ('2','1', '2014级2班');
INSERT INTO `school_service`.`room` (`id`,`state`, `name`) VALUES ('3','1', '2015级1班');
INSERT INTO `school_service`.`room` (`id`,`state`, `name`) VALUES ('4','1', '2015级2班');
INSERT INTO `school_service`.`room` (`id`,`state`, `name`) VALUES ('5','1', '2016级1班');
INSERT INTO `school_service`.`room` (`id`,`state`, `name`) VALUES ('6','1', '2016级2班');
INSERT INTO `school_service`.`team` (`id`,`state`, `name`) VALUES ('1','1', '围棋');
INSERT INTO `school_service`.`team` (`id`,`state`, `name`) VALUES ('2','1', '游泳');
INSERT INTO `school_service`.`team` (`id`,`state`, `name`) VALUES ('3','1', '油画');
INSERT INTO `school_service`.`team` (`id`,`state`, `name`) VALUES ('4','1', '国学');
INSERT INTO `school_service`.`team` (`id`,`state`, `name`) VALUES ('5','1', '阅读');
INSERT INTO `school_service`.`team` (`id`,`state`, `name`) VALUES ('6','1', '越野');
INSERT INTO `school_service`.`student` (`id`, `name`, `number`, `code`, `sex`, `birth`, `room_id`, `state`) VALUES ('1', '韩俊玲', '370181198012091741', '1', '2', '1980-12-09 00:00:00', '1', '1');
INSERT INTO `school_service`.`student` (`id`, `name`, `number`, `code`, `sex`, `birth`, `room_id`, `state`) VALUES ('2', '冯现奎', '320323196910244737', '2', '1', '1969-10-24 00:00:00', '1',  '1');
INSERT INTO `school_service`.`student` (`id`, `name`, `number`, `code`, `sex`, `birth`, `room_id`, `state`) VALUES ('3', '赵仙蕊', '370111197006214828', '3', '2', '1970-06-21 00:00:00', '1',  '1');
INSERT INTO `school_service`.`student` (`id`, `name`, `number`, `code`, `sex`, `birth`, `room_id`, `state`) VALUES ('4', '赵霞', '370104197602044120', '4', '2', '1976-02-04 00:00:00', '2',  '1');
INSERT INTO `school_service`.`student` (`id`, `name`, `number`, `code`, `sex`, `birth`, `room_id`, `state`) VALUES ('5', '孟芹', '370922196804301027', '5', '2', '1968-04-30 00:00:00', '2', '1');
INSERT INTO `school_service`.`student` (`id`, `name`, `number`, `code`, `sex`, `birth`, `room_id`, `state`) VALUES ('6', '裴传全', '37011119660129483X', '6', '1', '1966-01-29 00:00:00', '3', '1');
INSERT INTO `school_service`.`student` (`id`, `name`, `number`, `code`, `sex`, `birth`, `room_id`, `state`) VALUES ('7', '满化海', '370111196305024819', '7', '1', '1963-05-02 00:00:00', '3', '1');
INSERT INTO `school_service`.`student` (`id`, `name`, `number`, `code`, `sex`, `birth`, `room_id`, `state`) VALUES ('8', '刘洋', '370104198511254127', '8', '2', '1985-11-25 00:00:00', '4', '1');
INSERT INTO `school_service`.`student` (`id`, `name`, `number`, `code`, `sex`, `birth`, `room_id`, `state`) VALUES ('9', '候金凤', '372924197203234526', '9', '2', '1972-03-23 00:00:00', '5', '1');
INSERT INTO `school_service`.`student` (`id`, `name`, `number`, `code`, `sex`, `birth`, `room_id`, `state`) VALUES ('10', '李延凤', '371428197702125524', '10', '2', '1977-02-12 00:00:00', '6', '1');
INSERT INTO `school_service`.`student` (`id`, `name`, `number`, `code`, `sex`, `birth`, `room_id`, `state`) VALUES ('11', '赵跃进', '230227197610052613', '11', '1', '1976-10-05 00:00:00', '6', '1');
INSERT INTO `school_service`.`student` (`id`, `name`, `number`, `code`, `sex`, `birth`, `room_id`, `state`) VALUES ('12', '张玉萍', '37010419780203412X', '12', '2', '1978-02-03 00:00:00', '6', '1');
