INSERT INTO `school_service`.`semester` (`id`, `name`, `time_start`, `time_end`, `state`, `del`) VALUES ('1', '2016第一学期', NULL, NULL, '0', '0');
INSERT INTO `school_service`.`semester` (`id`, `name`, `time_start`, `time_end`, `state`, `del`) VALUES ('2', '2016第二学期', NULL, NULL, '0', '0');
INSERT INTO `school_service`.`semester` (`id`, `name`, `time_start`, `time_end`, `state`, `del`) VALUES ('3', '2017第一学期', NULL, NULL, '1', '0');
INSERT INTO `school_service`.`semester` (`id`, `name`, `time_start`, `time_end`, `state`, `del`) VALUES ('4', '2017第二学期', NULL, NULL, '0', '0');
INSERT INTO `school_service`.`semester` (`id`, `name`, `time_start`, `time_end`, `state`, `del`) VALUES ('5', '2018第一学期', NULL, NULL, '0', '0');
INSERT INTO `school_service`.`semester` (`id`, `name`, `time_start`, `time_end`, `state`, `del`) VALUES ('6', '2018第二学期', NULL, NULL, '0', '0');

INSERT INTO `school_service`.`room` (`id`, `name`, `year`, `order`, `state`, `del`) VALUES ('1', '2011级1班', '2011', '1', '1', '0');
INSERT INTO `school_service`.`room` (`id`, `name`, `year`, `order`, `state`, `del`) VALUES ('2', '2011级2班', '2011', '2', '1', '0');
INSERT INTO `school_service`.`room` (`id`, `name`, `year`, `order`, `state`, `del`) VALUES ('3', '2011级3班', '2011', '3', '1', '0');
INSERT INTO `school_service`.`room` (`id`, `name`, `year`, `order`, `state`, `del`) VALUES ('4', '2012级1班', '2012', '1', '1', '0');
INSERT INTO `school_service`.`room` (`id`, `name`, `year`, `order`, `state`, `del`) VALUES ('5', '2012级2班', '2012', '2', '1', '0');
INSERT INTO `school_service`.`room` (`id`, `name`, `year`, `order`, `state`, `del`) VALUES ('6', '2012级3班', '2012', '3', '1', '0');
INSERT INTO `school_service`.`room` (`id`, `name`, `year`, `order`, `state`, `del`) VALUES ('7', '2013级1班', '2013', '1', '1', '0');
INSERT INTO `school_service`.`room` (`id`, `name`, `year`, `order`, `state`, `del`) VALUES ('8', '2013级2班', '2013', '2', '1', '0');
INSERT INTO `school_service`.`room` (`id`, `name`, `year`, `order`, `state`, `del`) VALUES ('9', '2013级3班', '2013', '3', '1', '0');
INSERT INTO `school_service`.`room` (`id`, `name`, `year`, `order`, `state`, `del`) VALUES ('10', '2014级1班', '2014', '1', '1', '0');
INSERT INTO `school_service`.`room` (`id`, `name`, `year`, `order`, `state`, `del`) VALUES ('11', '2014级2班', '2014', '2', '1', '0');
INSERT INTO `school_service`.`room` (`id`, `name`, `year`, `order`, `state`, `del`) VALUES ('12', '2014级3班', '2014', '3', '1', '0');
INSERT INTO `school_service`.`room` (`id`, `name`, `year`, `order`, `state`, `del`) VALUES ('13', '2015级1班', '2015', '1', '1', '0');
INSERT INTO `school_service`.`room` (`id`, `name`, `year`, `order`, `state`, `del`) VALUES ('14', '2015级2班', '2015', '2', '1', '0');
INSERT INTO `school_service`.`room` (`id`, `name`, `year`, `order`, `state`, `del`) VALUES ('15', '2015级3班', '2015', '3', '1', '0');
INSERT INTO `school_service`.`room` (`id`, `name`, `year`, `order`, `state`, `del`) VALUES ('16', '2016级1班', '2016', '1', '1', '0');
INSERT INTO `school_service`.`room` (`id`, `name`, `year`, `order`, `state`, `del`) VALUES ('17', '2016级2班', '2016', '2', '1', '0');
INSERT INTO `school_service`.`room` (`id`, `name`, `year`, `order`, `state`, `del`) VALUES ('18', '2016级3班', '2016', '3', '1', '0');
INSERT INTO `school_service`.`room` (`id`, `name`, `year`, `order`, `state`, `del`) VALUES ('19', '2017级1班', '2017', '1', '1', '0');
INSERT INTO `school_service`.`room` (`id`, `name`, `year`, `order`, `state`, `del`) VALUES ('20', '2017级2班', '2017', '2', '1', '0');
INSERT INTO `school_service`.`room` (`id`, `name`, `year`, `order`, `state`, `del`) VALUES ('21', '2017级3班', '2017', '3', '1', '0');

INSERT INTO `school_service`.`identity` (`id`, `name`) VALUES ('1', '爸爸');
INSERT INTO `school_service`.`identity` (`id`, `name`) VALUES ('2', '妈妈');
INSERT INTO `school_service`.`identity` (`id`, `name`) VALUES ('3', '爷爷');
INSERT INTO `school_service`.`identity` (`id`, `name`) VALUES ('4', '奶奶');
INSERT INTO `school_service`.`identity` (`id`, `name`) VALUES ('5', '外公');
INSERT INTO `school_service`.`identity` (`id`, `name`) VALUES ('6', '外婆');
INSERT INTO `school_service`.`course` (`id`, `name`, `detail`, `amount`, `type`, `state`, `del`) VALUES ('1', '班主任', 'a', '0', '1', '0', '0');
INSERT INTO `school_service`.`course` (`id`, `name`, `detail`, `amount`, `type`, `state`, `del`) VALUES ('2', '语文', 'a', '0', '1', '1', '0');
INSERT INTO `school_service`.`course` (`id`, `name`, `detail`, `amount`, `type`, `state`, `del`) VALUES ('3', '数学', 'a', '0', '1', '1', '0');
INSERT INTO `school_service`.`course` (`id`, `name`, `detail`, `amount`, `type`, `state`, `del`) VALUES ('4', '英语', 'a', '0', '1', '1', '0');
INSERT INTO `school_service`.`course` (`id`, `name`, `detail`, `amount`, `type`, `state`, `del`) VALUES ('5', '音乐', 'a', '0', '1', '1', '0');
INSERT INTO `school_service`.`course` (`id`, `name`, `detail`, `amount`, `type`, `state`, `del`) VALUES ('6', '体育', 'a', '0', '1', '1', '0');
INSERT INTO `school_service`.`course` (`id`, `name`, `detail`, `amount`, `type`, `state`, `del`) VALUES ('7', '美术', 'a', '0', '1', '1', '0');
INSERT INTO `school_service`.`course` (`id`, `name`, `detail`, `amount`, `type`, `state`, `del`) VALUES ('8', '科学', 'a', '0', '1', '1', '0');
INSERT INTO `school_service`.`course` (`id`, `name`, `detail`, `amount`, `type`, `state`, `del`) VALUES ('9', '计算机', 'a', '0', '1', '1', '0');
INSERT INTO `school_service`.`course` (`id`, `name`, `detail`, `amount`, `type`, `state`, `del`) VALUES ('10', '品生', 'a', '0', '1', '1', '0');
INSERT INTO `school_service`.`course` (`id`, `name`, `detail`, `amount`, `type`, `state`, `del`) VALUES ('11', '品社', 'a', '0', '1', '1', '0');
INSERT INTO `school_service`.`course` (`id`, `name`, `detail`, `amount`, `type`, `state`, `del`) VALUES ('12', '传统文化', 'a', '0', '1', '1', '0');
INSERT INTO `school_service`.`course` (`id`, `name`, `detail`, `amount`, `type`, `state`, `del`) VALUES ('13', '绘本阅读之旅', 'a', '50', '2', '1', '0');
INSERT INTO `school_service`.`course` (`id`, `name`, `detail`, `amount`, `type`, `state`, `del`) VALUES ('14', '缤纷合唱团', 'a', '50', '2', '1', '0');
INSERT INTO `school_service`.`course` (`id`, `name`, `detail`, `amount`, `type`, `state`, `del`) VALUES ('15', '国学社', 'a', '50', '2', '1', '0');
INSERT INTO `school_service`.`course` (`id`, `name`, `detail`, `amount`, `type`, `state`, `del`) VALUES ('16', '国际跳棋', 'a', '50', '2', '1', '0');
INSERT INTO `school_service`.`course` (`id`, `name`, `detail`, `amount`, `type`, `state`, `del`) VALUES ('17', '创意三角插', 'a', '50', '2', '1', '0');
INSERT INTO `school_service`.`course` (`id`, `name`, `detail`, `amount`, `type`, `state`, `del`) VALUES ('18', '诵读经典', 'a', '50', '2', '1', '0');
INSERT INTO `school_service`.`course` (`id`, `name`, `detail`, `amount`, `type`, `state`, `del`) VALUES ('19', '花样衍纸', 'a', '50', '2', '1', '0');
INSERT INTO `school_service`.`course` (`id`, `name`, `detail`, `amount`, `type`, `state`, `del`) VALUES ('20', '国际跳棋', 'a', '50', '2', '1', '0');
INSERT INTO `school_service`.`course` (`id`, `name`, `detail`, `amount`, `type`, `state`, `del`) VALUES ('21', 'IT精英', 'a', '50', '2', '1', '0');
INSERT INTO `school_service`.`course` (`id`, `name`, `detail`, `amount`, `type`, `state`, `del`) VALUES ('22', '传统游戏', 'a', '50', '2', '1', '0');
INSERT INTO `school_service`.`course` (`id`, `name`, `detail`, `amount`, `type`, `state`, `del`) VALUES ('23', '阳光少年礼仪形象训练营', 'a', '50', '2', '1', '0');
INSERT INTO `school_service`.`course` (`id`, `name`, `detail`, `amount`, `type`, `state`, `del`) VALUES ('24', '玩转魔方', 'a', '50', '2', '1', '0');
INSERT INTO `school_service`.`course` (`id`, `name`, `detail`, `amount`, `type`, `state`, `del`) VALUES ('25', '趣味田径', 'a', '50', '2', '1', '0');
INSERT INTO `school_service`.`course` (`id`, `name`, `detail`, `amount`, `type`, `state`, `del`) VALUES ('26', '篮球', 'a', '50', '2', '1', '0');
INSERT INTO `school_service`.`course` (`id`, `name`, `detail`, `amount`, `type`, `state`, `del`) VALUES ('27', '美八度', 'a', '50', '2', '1', '0');
INSERT INTO `school_service`.`course` (`id`, `name`, `detail`, `amount`, `type`, `state`, `del`) VALUES ('28', '国际数棋', 'a', '50', '2', '1', '0');

INSERT INTO `school_service`.`permission` (`id`, `url`, `name`) VALUES ('1', 'CourseDesktop/Page', '列表');
INSERT INTO `school_service`.`permission` (`id`, `url`, `name`) VALUES ('2', 'CourseDesktop/Save', '新增');
INSERT INTO `school_service`.`permission` (`id`, `url`, `name`) VALUES ('3', 'CourseDesktop/Active', '激活');
INSERT INTO `school_service`.`permission` (`id`, `url`, `name`) VALUES ('4', 'CourseDesktop/Inactive', '注销');
INSERT INTO `school_service`.`permission` (`id`, `url`, `name`) VALUES ('5', 'CourseDesktop/Edit', '修改');
INSERT INTO `school_service`.`permission` (`id`, `url`, `name`) VALUES ('6', 'CourseDesktop/Download', '下载');
INSERT INTO `school_service`.`permission` (`id`, `url`, `name`) VALUES ('7', 'CourseDesktop/Get', '读取');
INSERT INTO `school_service`.`permission` (`id`, `url`, `name`) VALUES ('8', 'CourseDesktop/Query', '查找');
INSERT INTO `school_service`.`permission` (`id`, `url`, `name`) VALUES ('9', 'CourseDesktop/Total', '计数');
INSERT INTO `school_service`.`permission` (`id`, `url`, `name`) VALUES ('10', 'CourseDesktop/Delete', '删除');
INSERT INTO `school_service`.`permission` (`id`, `url`, `name`) VALUES ('11', 'SemesterDesktop/Page', '列表');
INSERT INTO `school_service`.`permission` (`id`, `url`, `name`) VALUES ('12', 'SemesterDesktop/Save', '新增');
INSERT INTO `school_service`.`permission` (`id`, `url`, `name`) VALUES ('13', 'SemesterDesktop/Active', '激活');
INSERT INTO `school_service`.`permission` (`id`, `url`, `name`) VALUES ('14', 'SemesterDesktop/Inactive', '注销');
INSERT INTO `school_service`.`permission` (`id`, `url`, `name`) VALUES ('15', 'SemesterDesktop/Edit', '修改');
INSERT INTO `school_service`.`permission` (`id`, `url`, `name`) VALUES ('16', 'SemesterDesktop/Download', '下载');
INSERT INTO `school_service`.`permission` (`id`, `url`, `name`) VALUES ('17', 'SemesterDesktop/Get', '读取');
INSERT INTO `school_service`.`permission` (`id`, `url`, `name`) VALUES ('18', 'SemesterDesktop/Query', '查找');
INSERT INTO `school_service`.`permission` (`id`, `url`, `name`) VALUES ('19', 'SemesterDesktop/Total', '计数');
INSERT INTO `school_service`.`permission` (`id`, `url`, `name`) VALUES ('20', 'SemesterDesktop/Delete', '删除');
INSERT INTO `school_service`.`permission` (`id`, `url`, `name`) VALUES ('21', 'RoomDesktop/Page', '列表');
INSERT INTO `school_service`.`permission` (`id`, `url`, `name`) VALUES ('22', 'RoomDesktop/Save', '新增');
INSERT INTO `school_service`.`permission` (`id`, `url`, `name`) VALUES ('23', 'RoomDesktop/Active', '激活');
INSERT INTO `school_service`.`permission` (`id`, `url`, `name`) VALUES ('24', 'RoomDesktop/Inactive', '注销');
INSERT INTO `school_service`.`permission` (`id`, `url`, `name`) VALUES ('25', 'RoomDesktop/Edit', '修改');
INSERT INTO `school_service`.`permission` (`id`, `url`, `name`) VALUES ('26', 'RoomDesktop/Download', '下载');
INSERT INTO `school_service`.`permission` (`id`, `url`, `name`) VALUES ('27', 'RoomDesktop/Get', '读取');
INSERT INTO `school_service`.`permission` (`id`, `url`, `name`) VALUES ('28', 'RoomDesktop/Query', '查找');
INSERT INTO `school_service`.`permission` (`id`, `url`, `name`) VALUES ('29', 'RoomDesktop/Total', '计数');
INSERT INTO `school_service`.`permission` (`id`, `url`, `name`) VALUES ('30', 'RoomDesktop/Delete', '删除');
INSERT INTO `school_service`.`permission` (`id`, `url`, `name`) VALUES ('31', 'StudentDesktop/Page', '列表');
INSERT INTO `school_service`.`permission` (`id`, `url`, `name`) VALUES ('32', 'StudentDesktop/Save', '新增');
INSERT INTO `school_service`.`permission` (`id`, `url`, `name`) VALUES ('33', 'StudentDesktop/Active', '激活');
INSERT INTO `school_service`.`permission` (`id`, `url`, `name`) VALUES ('34', 'StudentDesktop/Inactive', '注销');
INSERT INTO `school_service`.`permission` (`id`, `url`, `name`) VALUES ('35', 'StudentDesktop/Edit', '修改');
INSERT INTO `school_service`.`permission` (`id`, `url`, `name`) VALUES ('36', 'StudentDesktop/Download', '下载');
INSERT INTO `school_service`.`permission` (`id`, `url`, `name`) VALUES ('37', 'StudentDesktop/Get', '读取');
INSERT INTO `school_service`.`permission` (`id`, `url`, `name`) VALUES ('38', 'StudentDesktop/Query', '查找');
INSERT INTO `school_service`.`permission` (`id`, `url`, `name`) VALUES ('39', 'StudentDesktop/Total', '计数');
INSERT INTO `school_service`.`permission` (`id`, `url`, `name`) VALUES ('40', 'StudentDesktop/Delete', '删除');
INSERT INTO `school_service`.`permission` (`id`, `url`, `name`) VALUES ('41', 'TeacherDesktop/Page', '列表');
INSERT INTO `school_service`.`permission` (`id`, `url`, `name`) VALUES ('42', 'TeacherDesktop/Save', '新增');
INSERT INTO `school_service`.`permission` (`id`, `url`, `name`) VALUES ('43', 'TeacherDesktop/Active', '激活');
INSERT INTO `school_service`.`permission` (`id`, `url`, `name`) VALUES ('44', 'TeacherDesktop/Inactive', '注销');
INSERT INTO `school_service`.`permission` (`id`, `url`, `name`) VALUES ('45', 'TeacherDesktop/Edit', '修改');
INSERT INTO `school_service`.`permission` (`id`, `url`, `name`) VALUES ('46', 'TeacherDesktop/Download', '下载');
INSERT INTO `school_service`.`permission` (`id`, `url`, `name`) VALUES ('47', 'TeacherDesktop/Get', '读取');
INSERT INTO `school_service`.`permission` (`id`, `url`, `name`) VALUES ('48', 'TeacherDesktop/Query', '查找');
INSERT INTO `school_service`.`permission` (`id`, `url`, `name`) VALUES ('49', 'TeacherDesktop/Total', '计数');
INSERT INTO `school_service`.`permission` (`id`, `url`, `name`) VALUES ('50', 'TeacherDesktop/Delete', '删除');
INSERT INTO `school_service`.`permission` (`id`, `url`, `name`) VALUES ('51', 'ParentDesktop/Page', '列表');
INSERT INTO `school_service`.`permission` (`id`, `url`, `name`) VALUES ('52', 'ParentDesktop/Save', '新增');
INSERT INTO `school_service`.`permission` (`id`, `url`, `name`) VALUES ('53', 'ParentDesktop/Active', '激活');
INSERT INTO `school_service`.`permission` (`id`, `url`, `name`) VALUES ('54', 'ParentDesktop/Inactive', '注销');
INSERT INTO `school_service`.`permission` (`id`, `url`, `name`) VALUES ('55', 'ParentDesktop/Edit', '修改');
INSERT INTO `school_service`.`permission` (`id`, `url`, `name`) VALUES ('56', 'ParentDesktop/Download', '下载');
INSERT INTO `school_service`.`permission` (`id`, `url`, `name`) VALUES ('57', 'ParentDesktop/Get', '读取');
INSERT INTO `school_service`.`permission` (`id`, `url`, `name`) VALUES ('58', 'ParentDesktop/Query', '查找');
INSERT INTO `school_service`.`permission` (`id`, `url`, `name`) VALUES ('59', 'ParentDesktop/Total', '计数');
INSERT INTO `school_service`.`permission` (`id`, `url`, `name`) VALUES ('60', 'ParentDesktop/Delete', '删除');
INSERT INTO `school_service`.`permission` (`id`, `url`, `name`) VALUES ('61', 'StudentParentIdentityDesktop/Page', '列表');
INSERT INTO `school_service`.`permission` (`id`, `url`, `name`) VALUES ('62', 'StudentParentIdentityDesktop/Save', '新增');
INSERT INTO `school_service`.`permission` (`id`, `url`, `name`) VALUES ('63', 'StudentParentIdentityDesktop/Download', '下载');
INSERT INTO `school_service`.`permission` (`id`, `url`, `name`) VALUES ('64', 'StudentParentIdentityDesktop/Query', '查找');
INSERT INTO `school_service`.`permission` (`id`, `url`, `name`) VALUES ('65', 'StudentParentIdentityDesktop/Total', '计数');
INSERT INTO `school_service`.`permission` (`id`, `url`, `name`) VALUES ('66', 'StudentParentIdentityDesktop/Delete', '删除');
INSERT INTO `school_service`.`permission` (`id`, `url`, `name`) VALUES ('67', 'RoomStudentDesktop/Page', '列表');
INSERT INTO `school_service`.`permission` (`id`, `url`, `name`) VALUES ('68', 'RoomStudentDesktop/Save', '新增');
INSERT INTO `school_service`.`permission` (`id`, `url`, `name`) VALUES ('69', 'RoomStudentDesktop/Download', '下载');
INSERT INTO `school_service`.`permission` (`id`, `url`, `name`) VALUES ('70', 'RoomStudentDesktop/Query', '查找');
INSERT INTO `school_service`.`permission` (`id`, `url`, `name`) VALUES ('71', 'RoomStudentDesktop/Total', '计数');
INSERT INTO `school_service`.`permission` (`id`, `url`, `name`) VALUES ('72', 'RoomStudentDesktop/Delete', '删除');
INSERT INTO `school_service`.`permission` (`id`, `url`, `name`) VALUES ('73', 'CourseRoomTeacherSemesterDesktop/Page', '列表');
INSERT INTO `school_service`.`permission` (`id`, `url`, `name`) VALUES ('74', 'CourseRoomTeacherSemesterDesktop/Save', '新增');
INSERT INTO `school_service`.`permission` (`id`, `url`, `name`) VALUES ('75', 'CourseRoomTeacherSemesterDesktop/Download', '下载');
INSERT INTO `school_service`.`permission` (`id`, `url`, `name`) VALUES ('76', 'CourseRoomTeacherSemesterDesktop/Query', '查找');
INSERT INTO `school_service`.`permission` (`id`, `url`, `name`) VALUES ('77', 'CourseRoomTeacherSemesterDesktop/Total', '计数');
INSERT INTO `school_service`.`permission` (`id`, `url`, `name`) VALUES ('78', 'CourseRoomTeacherSemesterDesktop/Delete', '删除');
INSERT INTO `school_service`.`permission` (`id`, `url`, `name`) VALUES ('79', 'IdentityDesktop/Query', '查找');
INSERT INTO `school_service`.`permission` (`id`, `url`, `name`) VALUES ('80', 'IdentityDesktop/Total', '计数');
INSERT INTO `school_service`.`permission` (`id`, `url`, `name`) VALUES ('81', 'StudentCourseSemesterDesktop/Page', '列表');
INSERT INTO `school_service`.`permission` (`id`, `url`, `name`) VALUES ('82', 'StudentCourseSemesterDesktop/Save', '新增');
INSERT INTO `school_service`.`permission` (`id`, `url`, `name`) VALUES ('83', 'StudentCourseSemesterDesktop/Download', '下载');
INSERT INTO `school_service`.`permission` (`id`, `url`, `name`) VALUES ('84', 'StudentCourseSemesterDesktop/Query', '查找');
INSERT INTO `school_service`.`permission` (`id`, `url`, `name`) VALUES ('85', 'StudentCourseSemesterDesktop/Total', '计数');
INSERT INTO `school_service`.`permission` (`id`, `url`, `name`) VALUES ('86', 'StudentCourseSemesterDesktop/Delete', '删除');


INSERT INTO `school_service`.`teacherpermission` (`teacher_id`, `permission_id`, `state`) VALUES ('1', '1', '1');
INSERT INTO `school_service`.`teacherpermission` (`teacher_id`, `permission_id`, `state`) VALUES ('1', '2', '1');
INSERT INTO `school_service`.`teacherpermission` (`teacher_id`, `permission_id`, `state`) VALUES ('1', '3', '1');
INSERT INTO `school_service`.`teacherpermission` (`teacher_id`, `permission_id`, `state`) VALUES ('1', '4', '1');
INSERT INTO `school_service`.`teacherpermission` (`teacher_id`, `permission_id`, `state`) VALUES ('1', '5', '1');
INSERT INTO `school_service`.`teacherpermission` (`teacher_id`, `permission_id`, `state`) VALUES ('1', '6', '1');
INSERT INTO `school_service`.`teacherpermission` (`teacher_id`, `permission_id`, `state`) VALUES ('1', '7', '1');
INSERT INTO `school_service`.`teacherpermission` (`teacher_id`, `permission_id`, `state`) VALUES ('1', '8', '1');
INSERT INTO `school_service`.`teacherpermission` (`teacher_id`, `permission_id`, `state`) VALUES ('1', '9', '1');
INSERT INTO `school_service`.`teacherpermission` (`teacher_id`, `permission_id`, `state`) VALUES ('1', '10', '1');
INSERT INTO `school_service`.`teacherpermission` (`teacher_id`, `permission_id`, `state`) VALUES ('1', '11', '1');
INSERT INTO `school_service`.`teacherpermission` (`teacher_id`, `permission_id`, `state`) VALUES ('1', '12', '1');
INSERT INTO `school_service`.`teacherpermission` (`teacher_id`, `permission_id`, `state`) VALUES ('1', '13', '1');
INSERT INTO `school_service`.`teacherpermission` (`teacher_id`, `permission_id`, `state`) VALUES ('1', '14', '1');
INSERT INTO `school_service`.`teacherpermission` (`teacher_id`, `permission_id`, `state`) VALUES ('1', '15', '1');
INSERT INTO `school_service`.`teacherpermission` (`teacher_id`, `permission_id`, `state`) VALUES ('1', '16', '1');
INSERT INTO `school_service`.`teacherpermission` (`teacher_id`, `permission_id`, `state`) VALUES ('1', '17', '1');
INSERT INTO `school_service`.`teacherpermission` (`teacher_id`, `permission_id`, `state`) VALUES ('1', '18', '1');
INSERT INTO `school_service`.`teacherpermission` (`teacher_id`, `permission_id`, `state`) VALUES ('1', '19', '1');
INSERT INTO `school_service`.`teacherpermission` (`teacher_id`, `permission_id`, `state`) VALUES ('1', '20', '1');
INSERT INTO `school_service`.`teacherpermission` (`teacher_id`, `permission_id`, `state`) VALUES ('1', '21', '1');
INSERT INTO `school_service`.`teacherpermission` (`teacher_id`, `permission_id`, `state`) VALUES ('1', '22', '1');
INSERT INTO `school_service`.`teacherpermission` (`teacher_id`, `permission_id`, `state`) VALUES ('1', '23', '1');
INSERT INTO `school_service`.`teacherpermission` (`teacher_id`, `permission_id`, `state`) VALUES ('1', '24', '1');
INSERT INTO `school_service`.`teacherpermission` (`teacher_id`, `permission_id`, `state`) VALUES ('1', '25', '1');
INSERT INTO `school_service`.`teacherpermission` (`teacher_id`, `permission_id`, `state`) VALUES ('1', '26', '1');
INSERT INTO `school_service`.`teacherpermission` (`teacher_id`, `permission_id`, `state`) VALUES ('1', '27', '1');
INSERT INTO `school_service`.`teacherpermission` (`teacher_id`, `permission_id`, `state`) VALUES ('1', '28', '1');
INSERT INTO `school_service`.`teacherpermission` (`teacher_id`, `permission_id`, `state`) VALUES ('1', '29', '1');
INSERT INTO `school_service`.`teacherpermission` (`teacher_id`, `permission_id`, `state`) VALUES ('1', '30', '1');
INSERT INTO `school_service`.`teacherpermission` (`teacher_id`, `permission_id`, `state`) VALUES ('1', '31', '1');
INSERT INTO `school_service`.`teacherpermission` (`teacher_id`, `permission_id`, `state`) VALUES ('1', '32', '1');
INSERT INTO `school_service`.`teacherpermission` (`teacher_id`, `permission_id`, `state`) VALUES ('1', '33', '1');
INSERT INTO `school_service`.`teacherpermission` (`teacher_id`, `permission_id`, `state`) VALUES ('1', '34', '1');
INSERT INTO `school_service`.`teacherpermission` (`teacher_id`, `permission_id`, `state`) VALUES ('1', '35', '1');
INSERT INTO `school_service`.`teacherpermission` (`teacher_id`, `permission_id`, `state`) VALUES ('1', '36', '1');
INSERT INTO `school_service`.`teacherpermission` (`teacher_id`, `permission_id`, `state`) VALUES ('1', '37', '1');
INSERT INTO `school_service`.`teacherpermission` (`teacher_id`, `permission_id`, `state`) VALUES ('1', '38', '1');
INSERT INTO `school_service`.`teacherpermission` (`teacher_id`, `permission_id`, `state`) VALUES ('1', '39', '1');
INSERT INTO `school_service`.`teacherpermission` (`teacher_id`, `permission_id`, `state`) VALUES ('1', '40', '1');
INSERT INTO `school_service`.`teacherpermission` (`teacher_id`, `permission_id`, `state`) VALUES ('1', '41', '1');
INSERT INTO `school_service`.`teacherpermission` (`teacher_id`, `permission_id`, `state`) VALUES ('1', '42', '1');
INSERT INTO `school_service`.`teacherpermission` (`teacher_id`, `permission_id`, `state`) VALUES ('1', '43', '1');
INSERT INTO `school_service`.`teacherpermission` (`teacher_id`, `permission_id`, `state`) VALUES ('1', '44', '1');
INSERT INTO `school_service`.`teacherpermission` (`teacher_id`, `permission_id`, `state`) VALUES ('1', '45', '1');
INSERT INTO `school_service`.`teacherpermission` (`teacher_id`, `permission_id`, `state`) VALUES ('1', '46', '1');
INSERT INTO `school_service`.`teacherpermission` (`teacher_id`, `permission_id`, `state`) VALUES ('1', '47', '1');
INSERT INTO `school_service`.`teacherpermission` (`teacher_id`, `permission_id`, `state`) VALUES ('1', '48', '1');
INSERT INTO `school_service`.`teacherpermission` (`teacher_id`, `permission_id`, `state`) VALUES ('1', '49', '1');
INSERT INTO `school_service`.`teacherpermission` (`teacher_id`, `permission_id`, `state`) VALUES ('1', '50', '1');
INSERT INTO `school_service`.`teacherpermission` (`teacher_id`, `permission_id`, `state`) VALUES ('1', '51', '1');
INSERT INTO `school_service`.`teacherpermission` (`teacher_id`, `permission_id`, `state`) VALUES ('1', '52', '1');
INSERT INTO `school_service`.`teacherpermission` (`teacher_id`, `permission_id`, `state`) VALUES ('1', '53', '1');
INSERT INTO `school_service`.`teacherpermission` (`teacher_id`, `permission_id`, `state`) VALUES ('1', '54', '1');
INSERT INTO `school_service`.`teacherpermission` (`teacher_id`, `permission_id`, `state`) VALUES ('1', '55', '1');
INSERT INTO `school_service`.`teacherpermission` (`teacher_id`, `permission_id`, `state`) VALUES ('1', '56', '1');
INSERT INTO `school_service`.`teacherpermission` (`teacher_id`, `permission_id`, `state`) VALUES ('1', '57', '1');
INSERT INTO `school_service`.`teacherpermission` (`teacher_id`, `permission_id`, `state`) VALUES ('1', '58', '1');
INSERT INTO `school_service`.`teacherpermission` (`teacher_id`, `permission_id`, `state`) VALUES ('1', '59', '1');
INSERT INTO `school_service`.`teacherpermission` (`teacher_id`, `permission_id`, `state`) VALUES ('1', '60', '1');
INSERT INTO `school_service`.`teacherpermission` (`teacher_id`, `permission_id`, `state`) VALUES ('1', '61', '1');
INSERT INTO `school_service`.`teacherpermission` (`teacher_id`, `permission_id`, `state`) VALUES ('1', '62', '1');
INSERT INTO `school_service`.`teacherpermission` (`teacher_id`, `permission_id`, `state`) VALUES ('1', '63', '1');
INSERT INTO `school_service`.`teacherpermission` (`teacher_id`, `permission_id`, `state`) VALUES ('1', '64', '1');
INSERT INTO `school_service`.`teacherpermission` (`teacher_id`, `permission_id`, `state`) VALUES ('1', '65', '1');
INSERT INTO `school_service`.`teacherpermission` (`teacher_id`, `permission_id`, `state`) VALUES ('1', '66', '1');
INSERT INTO `school_service`.`teacherpermission` (`teacher_id`, `permission_id`, `state`) VALUES ('1', '67', '1');
INSERT INTO `school_service`.`teacherpermission` (`teacher_id`, `permission_id`, `state`) VALUES ('1', '68', '1');
INSERT INTO `school_service`.`teacherpermission` (`teacher_id`, `permission_id`, `state`) VALUES ('1', '69', '1');
INSERT INTO `school_service`.`teacherpermission` (`teacher_id`, `permission_id`, `state`) VALUES ('1', '70', '1');
INSERT INTO `school_service`.`teacherpermission` (`teacher_id`, `permission_id`, `state`) VALUES ('1', '71', '1');
INSERT INTO `school_service`.`teacherpermission` (`teacher_id`, `permission_id`, `state`) VALUES ('1', '72', '1');
INSERT INTO `school_service`.`teacherpermission` (`teacher_id`, `permission_id`, `state`) VALUES ('1', '73', '1');
INSERT INTO `school_service`.`teacherpermission` (`teacher_id`, `permission_id`, `state`) VALUES ('1', '74', '1');
INSERT INTO `school_service`.`teacherpermission` (`teacher_id`, `permission_id`, `state`) VALUES ('1', '75', '1');
INSERT INTO `school_service`.`teacherpermission` (`teacher_id`, `permission_id`, `state`) VALUES ('1', '76', '1');
INSERT INTO `school_service`.`teacherpermission` (`teacher_id`, `permission_id`, `state`) VALUES ('1', '77', '1');
INSERT INTO `school_service`.`teacherpermission` (`teacher_id`, `permission_id`, `state`) VALUES ('1', '78', '1');
INSERT INTO `school_service`.`teacherpermission` (`teacher_id`, `permission_id`, `state`) VALUES ('1', '79', '1');
INSERT INTO `school_service`.`teacherpermission` (`teacher_id`, `permission_id`, `state`) VALUES ('1', '80', '1');
INSERT INTO `school_service`.`teacherpermission` (`teacher_id`, `permission_id`, `state`) VALUES ('1', '81', '1');
INSERT INTO `school_service`.`teacherpermission` (`teacher_id`, `permission_id`, `state`) VALUES ('1', '82', '1');
INSERT INTO `school_service`.`teacherpermission` (`teacher_id`, `permission_id`, `state`) VALUES ('1', '83', '1');
INSERT INTO `school_service`.`teacherpermission` (`teacher_id`, `permission_id`, `state`) VALUES ('1', '84', '1');
INSERT INTO `school_service`.`teacherpermission` (`teacher_id`, `permission_id`, `state`) VALUES ('1', '85', '1');
INSERT INTO `school_service`.`teacherpermission` (`teacher_id`, `permission_id`, `state`) VALUES ('1', '86', '1');
